{
    "dji fc6310 2048 1536 brown 0.6666": {
        "projection_type": "brown",
        "width": 2048,
        "height": 1536,
        "focal_x": 0.6666640117852827,
        "focal_y": 0.6666640117852827,
        "c_x": 6.000954470845022e-05,
        "c_y": 0.0006737868531013066,
        "k1": -0.000510841345057788,
        "k2": 0.00016358024944444037,
        "p1": 0.00039826395021134097,
        "p2": -0.0008752812899157909,
        "k3": 0.0007740604551571724
    }
}